BUB2-TEM1,CDC14-CDH1,CDC14-NET1,CDC14-SIC1,CDC14-SWI5,CDC15-TEM1,CDC20-CDH1,CDC20-CLB6,CDC20-PDS1,CDC28-CDC6,CDC28-CLB1,CDC28-CLB6,CDC28-CLN1,CDC28-CLN3,CDC6-CLB6,CDH1-CLB1,CLB1-SIC1,CLB1-SWI5,CDC28-SWI5,CLB6-MBP1,CLB6-SIC1,CLB6-SWI6,CDC28-SWI6,CLN1-SIC1,CDC28-SIC1,CLN1-SWI4,CLN1-SWI6,CLN3-MCM1,CLN3-SWI6,ESP1-PDS1,LTE1-TEM1,MBP1-SWI6,SIC1-SWI5,SWI4-SWI6
1.0,0.6865281568470526,0.6463215869087469,0.019104544470424194,0.9790477911800114,1.0,0.7321653603313617,0.3242792089187907,0.05786945786253964,0.03305187818639396,0.33185825396729696,0.2014277456841186,0.02828612389150673,1.0,0.03305187818639396,0.9784109517509031,0.7437082896924948,0.4813838719501497,0.4813838719501497,0.0007039557409623715,0.19172885403247192,0.0007039557409623715,0.0041181608390263745,0.0004911828935571923,0.0004911828935571923,9.782011368738609e-05,9.782011368738609e-05,0.9873273241954584,0.0041181608390263745,0.7362914412386687,1.0,0.0033853409960756626,0.013967024109273874,0.0033853409960756626
0.9447292276089952,1.0,0.6709604932747174,0.052740095591687526,1.0,0.9406244324562146,1.0,0.18346615528650237,0.04303155722236403,0.06450455894170444,0.12739616914664645,0.12088544532833954,0.025739514177739772,0.5520515328123943,0.06450455894170444,0.5441689274577364,0.9822859237449012,0.18774069961311454,0.18774069961311454,0.000498589808154061,0.3601548502304824,0.000498589808154061,0.0026830344169199824,0.0012272736460772074,0.0012272736460772074,0.0001050505640686874,0.0001050505640686874,0.4170583127150952,0.0026830344169199824,0.682636224109331,0.09447292276089952,0.003995266370384599,0.03896173633131388,0.003995266370384599
0.821883882230559,0.9075087836755714,0.7145039481027283,0.2052705889874885,0.7747634888722865,0.790806146617118,0.9911420488633517,0.025083017149186208,0.024566546633312505,0.09774918151625309,0.012868649145592085,0.018502990649100694,0.023816674144142087,0.5556037552728992,0.09774918151625309,0.060994451739902124,1.0,0.017965252819239275,0.017965252819239275,0.0005304955984122532,0.5933951665497782,0.0005304955984122532,0.018770777835592244,0.005404271477298072,0.005404271477298072,0.0006756933293584435,0.0006756933293584435,0.007145476514093189,0.018770777835592244,0.5477311152694073,0.08218838822305591,0.027772579154081562,0.17565139056130605,0.027772579154081562
0.7142593162806233,0.8199615679348407,0.7311392008694619,0.5069460739195989,0.6535169332149491,0.656538106836547,0.8384830808965482,0.0022419379155059808,0.015514700806584986,0.09724476744394964,0.0024071680615749672,0.001956917493181629,0.024709170562828606,0.5591721547153673,0.09724476744394964,0.011421127135884147,0.7799844656715502,0.003140487044555673,0.003140487044555673,0.00013908915674189595,0.6059948735851377,0.00013908915674189595,0.04683208969135815,0.01534093278173932,0.01534093278173932,0.0017378311882671805,0.0017378311882671805,0.0012222873363698732,0.04683208969135815,0.48610143483588203,0.07142593162806234,0.06884891750668216,0.4491375548180381,0.06884891750668216
0.6164931451580368,0.7668890632555684,0.7471345444601738,0.7626604570211879,0.5693986361338157,0.537323736888636,0.6875215405280343,0.0010367093469576458,0.010195988863924638,0.0925334934839975,0.0008332062579419197,0.0011036032118320234,0.02826272123227672,0.5627587708103164,0.0925334934839975,0.003953248275988727,0.5685656398199426,0.001012657680335377,0.001012657680335377,0.00012125317072393262,0.5828457950291037,0.00012125317072393262,0.0728584054663811,0.02822519861466497,0.02822519861466497,0.0030727185651701623,0.0030727185651701623,0.0004200099571463684,0.0728584054663811,0.4387190093883455,0.06164931451580368,0.10642814827937222,0.6730205829179389,0.10642814827937222
0.5264298897144701,0.7057629608181704,0.7690050441927461,0.9324140494371584,0.4876620937634829,0.43171859237490995,0.554721391960471,0.0006327742260928912,0.006975508720363883,0.08839513734318974,0.0003717229165723182,0.0008347983232881994,0.03505808722444899,0.5663636531043991,0.08839513734318974,0.0017635442160014037,0.40124145399361133,0.0004204082034265885,0.0004204082034265885,0.00015363423507427562,0.565183315773999,0.00015363423507427562,0.12282281598461679,0.04650803172455023,0.04650803172455023,0.0063844473927301484,0.0063844473927301484,0.0001878338606094124,0.12282281598461679,0.40473243567889117,0.05264298897144702,0.17827185849835714,0.8319299616702475,0.17827185849835714
0.4435274536425997,0.6271763264005117,0.7962918788202075,1.0,0.40328184863722616,0.33912273113473484,0.4428220832570005,0.0005823240882441483,0.005393938815200914,0.0852323139709516,0.00018876741403728333,0.0009621047570546432,0.061684961144780566,0.5699868098553907,0.0852323139709516,0.0008953095556451198,0.27823392398635177,0.00019861723441554784,0.00019861723441554784,0.000830885358941515,0.5599171614196325,0.000830885358941515,0.5800438035111701,0.0987321538964605,0.0987321538964605,0.05271408845990996,0.05271408845990996,9.584484109372842e-05,0.5800438035111701,0.412671604546085,0.044352745364259975,0.8365561610362795,0.9338226356151278,0.8365561610362795
0.36801770665220424,0.5316973367426079,0.8273814606502872,0.9618080335908348,0.3183962228456429,0.25950676047885435,0.3505750041355383,0.0004467935744526433,0.004211534360487412,0.08317756373922676,0.00011033561783947811,0.0009316303878998093,0.12397435131883042,0.573628307125494,0.08317756373922676,0.0005228687932521251,0.19104654161246026,0.00010802414479243731,0.00010802414479243731,0.000927562774684009,0.5743644253428735,0.000927562774684009,0.6729882493021827,0.2249342196636658,0.2249342196636658,0.12214063426164144,0.12214063426164144,5.634184190143666e-05,0.6729882493021827,0.41231506928540573,0.036801770665220425,0.9644417953658962,0.9849721892584007,0.9644417953658962
0.3006117615324807,0.42758002263045947,0.8563755238410412,0.8446641104377669,0.23864930134723333,0.1930594459616143,0.2758067223410961,0.0003426222131419417,0.00328338178546662,0.08142255510663694,7.219517994955027e-05,0.0009069332617616962,0.18311052225231833,0.5772881366569338,0.08142255510663694,0.0003416899303940041,0.13113543043399892,6.57960215348775e-05,6.57960215348775e-05,0.0009185361294312759,0.5920663520635278,0.0009185361294312759,0.688954891410662,0.36234868832720507,0.36234868832720507,0.18351132711028686,0.18351132711028686,3.708886515986032e-05,0.688954891410662,0.4103576861776693,0.030061176153248072,0.9810638453270769,1.0,0.9810638453270769
0.2423017502476367,0.32533838041240554,0.8754117423095411,0.6830322294176097,0.16944548272443355,0.13982332815022447,0.21590388488375245,0.0002694047177508676,0.002572004526037015,0.07988264538334694,5.1926320155115164e-05,0.0009092194869968097,0.2368924600349503,0.5809663562541377,0.07988264538334694,0.0002452849252742537,0.09068933708777138,4.407478937654832e-05,4.407478937654832e-05,0.0009267880622696743,0.6116667497861525,0.0009267880622696743,0.6978143893807122,0.4972367570237478,0.4972367570237478,0.23894150510321716,0.23894150510321716,2.684144048019403e-05,0.6978143893807122,0.41020347973490684,0.024230175024763673,0.9873884746318585,0.9878928977708774,0.9873884746318585
0.19408403861094448,0.23817733540927338,0.8970990623220527,0.520502972429408,0.11595908804608429,0.09932303413254034,0.16832104730022282,0.00021642310073729729,0.0020229191214172905,0.0785060465953705,4.0570165175108155e-05,0.0009340089461841606,0.28551504084284945,0.584662974174881,0.0785060465953705,0.0001910521536344201,0.06366368869246196,3.2090832885085674e-05,3.2090832885085674e-05,0.0009552465347231205,0.6326017227514712,0.0009552465347231205,0.7046075103676879,0.6218987940884397,0.6218987940884397,0.2889495934437088,0.2889495934437088,2.1102669005817506e-05,0.7046075103676879,0.4115470240478336,0.01940840386109445,0.990696873844614,0.9553447315694189,0.990696873844614
0.1565282531753382,0.17166707800543163,0.903284232808855,0.3841759564694322,0.07831013024305544,0.07030616429943155,0.13079506842026706,0.00017692929667525366,0.0015969120404919846,0.07728482496807106,3.3839127041133865e-05,0.0009779717559523053,0.32942030601585703,0.5883780564813669,0.07728482496807106,0.0001585975220682679,0.04573847791363159,2.496042761649423e-05,2.496042761649423e-05,0.0010022542159388956,0.6546124758343125,0.0010022542159388956,0.7105346936800983,0.7312966076899479,0.7312966076899479,0.33406471526383635,0.33406471526383635,1.7712325486607734e-05,0.7105346936800983,0.414051481815343,0.01565282531753382,0.99272266406843,0.9079694575440316,0.99272266406843
0.12930511502248085,0.1278661111377408,0.9123133308233433,0.2892757644739299,0.05480720300382403,0.05074766956367834,0.10140017587083819,0.00014659468802676897,0.0012653347978913174,0.0762495449190651,2.979954079000887e-05,0.0010380426256247828,0.36907800159296755,0.5921115288536167,0.0762495449190651,0.00013870897096346133,0.03391581845377531,2.0512161368162708e-05,2.0512161368162708e-05,0.0010652777634881513,0.6776283437556391,0.0010652777634881513,0.7160254073139165,0.8226072090942234,0.8226072090942234,0.3747956103952039,0.3747956103952039,1.569632563668738e-05,0.7160254073139165,0.417433084785749,0.012930511502248087,0.9940861701556982,0.8506901034953679,0.9940861701556982
0.11101070434650523,0.09931046303951259,0.9108636757698696,0.2247847826396719,0.040119432936653265,0.038219937037651266,0.07853294891532638,0.00012283787954423772,0.001006870109540814,0.07544240864480728,2.7433245810683277e-05,0.0011128568026939896,0.40493560541905427,0.5958635812204646,0.07544240864480728,0.00012653054843233738,0.026149465378155917,1.763517858324518e-05,1.763517858324518e-05,0.001143178291550059,0.7015651646070318,0.001143178291550059,0.721271493287689,0.894744095020142,0.894744095020142,0.41161321588384314,0.41161321588384314,1.4541198222872199e-05,0.721271493287689,0.4214745989077574,0.011101070434650525,0.9950640623910866,0.7876090893398159,0.9950640623910866
0.09953398616490619,0.08132264724179718,0.9107734312345529,0.1825789011957261,0.031060183576876618,0.030448898087021954,0.06086213075561731,0.00010409500837877627,0.0008053895705094424,0.07489812806417223,2.6198980153384998e-05,0.0012029911551814695,0.43740472956566834,0.5996340979730548,0.07489812806417223,0.00011946024041327663,0.021063134602194656,1.574129969954873e-05,1.574129969954873e-05,0.001236680066452956,0.7262387039109995,0.001236680066452956,0.7263709866128345,0.947729358630694,0.947729358630694,0.44494574933929043,0.44494574933929043,1.3974691427702398e-05,0.7263709866128345,0.4260272649578409,0.009953398616490621,0.9957980788349501,0.7218587718106616,0.9957980788349501
0.0927121395896355,0.06953419023224104,0.9089627387474307,0.15367433342345083,0.02518588945331406,0.02569133683797213,0.04729127460959457,8.932113106545362e-05,0.0006484591901296378,0.07464317115714529,2.5788449057232857e-05,0.0013104292634780147,0.46685845892810984,0.6034231864624673,0.07464317115714529,0.00011599116980482749,0.01774220423297822,1.4494676008013814e-05,1.4494676008013814e-05,0.001347898431112278,0.7514069550325777,0.001347898431112278,0.7313795626988937,0.9822242512674404,0.9822242512674404,0.47517926154356827,0.47517926154356827,1.3842585621992425e-05,0.7313795626988937,0.43096790322268774,0.009271213958963551,0.9963683938419672,0.6556980403589454,0.9963683938419672
0.08880573272981007,0.06166716212883888,0.9075839819216023,0.13321002036989782,0.021245722773853306,0.022783502393232218,0.03692559847328514,7.77820860680057e-05,0.0005264462420734484,0.07470073215784864,2.6021051003687615e-05,0.0014386505076427912,0.4936322987185598,0.60723079714205,0.07470073215784864,0.00011520926598413454,0.015584216021119007,1.3693978740545711e-05,1.3693978740545711e-05,0.0014804620517389925,0.7768192976343098,0.0014804620517389925,0.7363308691730303,0.9992447039352136,0.9992447039352136,0.5026598598117157,0.5026598598117157,1.4055603779688927e-05,0.7363308691730303,0.436215047206419,0.008880573272981009,0.9968236520750613,0.5907017795799081,0.9968236520750613
0.08662081708112249,0.05625932937065176,0.9067553343462671,0.11795757116223182,0.01848919873701154,0.0210037910455546,0.029043781120327784,6.89314499705227e-05,0.0004318217644062128,0.07509564122771333,2.6799047537459783e-05,0.0015925707684029387,0.51802670953659,0.6110570538784335,0.07509564122771333,0.00011657707552069683,0.014193310624522603,1.32178673276556e-05,1.32178673276556e-05,0.0016394665596824417,0.8022377301785676,0.0016394665596824417,0.7412467909970595,1.0,1.0,0.5276970138308354,0.5276970138308354,1.4567158915650277e-05,0.7412467909970595,0.44170891368661475,0.00866208170811225,0.9971952025400745,0.5279405902052002,0.9971952025400745
0.0854157746650624,0.05239236735732521,0.9060438543837168,0.10586116607755416,0.016470515931451532,0.019914832987259753,0.023071404588815556,6.233790492624464e-05,0.00035867836509115926,0.07585837200457454,2.807769470751792e-05,0.0017781617134776078,0.5403101898801501,0.6149018823516393,0.07585837200457454,0.00011978814828459631,0.013308990016929319,1.2992051242573482e-05,1.2992051242573482e-05,0.001831089588835513,0.8274385158579635,0.001831089588835513,0.7461418549490312,0.9857958660159297,0.9857958660159297,0.5505669754702327,0.5505669754702327,1.5358393581121766e-05,0.7461418549490312,0.4474016245761827,0.00854157746650624,0.9975041152220414,0.4681179436714034,0.9975041152220414
0.08475633937850961,0.049519814212269524,0.9056370255859781,0.09569255481602228,0.014932024079268316,0.019250425684591132,0.01855625017103772,5.771023776425918e-05,0.0003023801728676097,0.0770287957248775,2.9858428947166592e-05,0.00200395483974333,0.5607222239019755,0.6187653651394214,0.0770287957248775,0.0001247244376340425,0.012758751761313511,1.2975255599912538e-05,1.2975255599912538e-05,0.0020641431160371344,0.8522057634667421,0.0020641431160371344,0.7510262440544963,0.9579752603632197,0.9579752603632197,0.5715158850543957,0.5715158850543957,1.6435316332861355e-05,0.7510262440544963,0.453261399505082,0.008475633937850962,0.9977649252988224,0.41167137501935275,0.9977649252988224
0.08439705740126774,0.047283990572835104,0.9055235655598773,0.08666122159156973,0.013712905052786006,0.018846984182129777,0.0151460490595069,5.494152344864002e-05,0.0002592995378935012,0.0786602265976816,3.220537869611675e-05,0.002284881024787516,0.5794761028335771,0.6226474774684534,0.0786602265976816,0.00013150733562381425,0.012427044346500386,1.3158004125560826e-05,1.3158004125560826e-05,0.0023540336761586917,0.8763093170689074,0.0023540336761586917,0.7559073271389971,0.9178898415059749,0.9178898415059749,0.5907629796964146,0.5907629796964146,1.7838752894431777e-05,0.7559073271389971,0.4592906510642997,0.008439705740126775,0.9979882731630507,0.3588490638476901,0.9979882731630507
0.084201862642012,0.045443997527117544,0.9054993363035327,0.0782588286558394,0.012710093583815783,0.018603457649007855,0.012568934481510662,5.3882304359308966e-05,0.0002265630363954124,0.08082709836991665,3.519244420658897e-05,0.002635524961323791,0.5967617042984268,0.6265482441120617,0.08082709836991665,0.00014025817454051774,0.012234897954733748,1.353396644401131e-05,1.353396644401131e-05,0.0027158164158769577,0.8995070603008005,0.0027158164158769577,0.7607904180368766,0.8668806168974355,0.8668806168974355,0.608503221894637,0.608503221894637,1.9615932000226108e-05,0.7607904180368766,0.4654515695122347,0.0084201862642012,0.9981817676992693,0.3097627479435736,0.9981817676992693
0.08409592846586794,0.0438491676887826,0.9055437018668809,0.0701914103587141,0.011860211856531118,0.018457328097973538,0.010616597882639226,5.456734104157881e-05,0.0002019322433619931,0.0836334531815571,3.894650901840359e-05,0.003079246334261568,0.6127480189603061,0.6304677641635504,0.0836334531815571,0.00015126026640600613,0.012126528081800883,1.4114992308158583e-05,1.4114992308158583e-05,0.003173594806964833,0.921531200284329,0.003173594806964833,0.7656797675024595,0.8062758192050663,0.8062758192050663,0.6249102105539696,0.6249102105539696,2.1844917518250395e-05,0.7656797675024595,0.47173684011017275,0.008409592846586796,0.9983513313901701,0.26442895361277907,0.9983513313901701
0.08403847799753011,0.04240168685012538,0.9056504939155358,0.06229567233153147,0.011122736992564696,0.01837014470424848,0.00913055373194912,5.733114412590337e-05,0.00018366652646065,0.08722567059308133,4.3730166319207304e-05,0.00365992939340411,0.6275853402852097,0.6344059302718401,0.08722567059308133,0.00016524170216296495,0.012059734763043822,1.4954534057290244e-05,1.4954534057290244e-05,0.0037726368065746,0.9420323608572949,0.0037726368065746,0.7705782842817727,0.7374096963263449,0.7374096963263449,0.6401381964436247,0.6401381964436247,2.468227290726133e-05,0.7705782842817727,0.4781695477592088,0.008403847799753013,0.9985013308119752,0.22280400206014506,0.9985013308119752
0.0840073295495063,0.04103637866691686,0.9057918569146639,0.05449201788728841,0.010470990544658802,0.018318412476651547,0.007990866873916801,6.246375247866636e-05,0.00017038903919936544,0.09182085139709138,4.9802909993748115e-05,0.0044255392787119,0.641407327970831,0.6383628663035613,0.09182085139709138,0.00018278731770238852,0.011999785910485325,1.6091239209277517e-05,1.6091239209277517e-05,0.004562435683009721,0.960609812828634,0.004562435683009721,0.7754885917448625,0.6616249881996952,0.6616249881996952,0.6543244278934099,0.6543244278934099,2.8286660603496506e-05,0.7754885917448625,0.48472281819410695,0.00840073295495063,0.9986352993780871,0.1848025376014471,0.9986352993780871
0.08399045244537151,0.03971001889868105,0.9059560468339255,0.04676247453123945,0.009887302766025681,0.018287864126327612,0.007107105837239646,7.108012622793306e-05,0.0001610533299479535,0.09773607518532787,5.7777181503337865e-05,0.005489770986491721,0.6543326923787948,0.6423385061965108,0.09773607518532787,0.0002055959183013863,0.011913761578029144,1.7661066271420222e-05,1.7661066271420222e-05,0.005660271821277487,0.9766624624117501,0.005660271821277487,0.780412575683453,0.5803325445690728,0.5803325445690728,0.6675907963383282,0.6675907963383282,3.302245345219093e-05,0.780412575683453,0.4914438990821497,0.008399045244537152,0.9987560377201518,0.15032598269380973,0.9987560377201518
0.08398130160444572,0.03839208544551157,0.9061338639411826,0.039130498111504826,0.009359577385482125,0.01826990604959263,0.006411246478960283,8.440477199411956e-05,0.00015482657013733217,0.10547823828973919,6.827166437963677e-05,0.006992198177643704,0.6664671316317256,0.6463329077551163,0.10547823828973919,0.00023506556198591423,0.01176586133481908,1.9770981797572636e-05,1.9770981797572636e-05,0.007210153310352238,0.9894438801646348,0.007210153310352238,0.7853518668424129,0.49502109422994445,0.49502109422994445,0.6800458076814859,0.6800458076814859,3.9266743575039784e-05,0.7853518668424129,0.4983029053883901,0.008398130160444574,0.998865764259652,0.11926908635394894,0.998865764259652
0.08397634881917489,0.03705831474045013,0.906320418180959,0.03165579395974094,0.008879246338253415,0.01825939140644297,0.005851987144994613,0.00010522658206267222,0.00015108293239039823,0.115858499663642,8.244599985222052e-05,0.009218954010475532,0.6779043422725871,0.6503460709793779,0.115858499663642,0.00027402390636072695,0.011513074908851999,2.2651845190689897e-05,2.2651845190689897e-05,0.00950727816581556,0.9978136009045595,0.00950727816581556,0.7903078846110864,0.40735927055747784,0.40735927055747784,0.691785777815488,0.691785777815488,4.7719398761526066e-05,0.7903078846110864,0.5053213321220774,0.00839763488191749,0.9989664665416268,0.09154578668830106,0.9989664665416268
0.08397366635876492,0.035684561808502796,0.9065129324334474,0.02443390661158485,0.008439998918458369,0.018253256668766316,0.005390201586787544,0.00013859970233218426,0.00014934488785262333,0.13027300506229667,0.00010206948046822257,0.012688994850766923,0.6887278300293336,0.654378070189274,0.13027300506229667,0.0003265315511523009,0.011097707154336146,2.6644763304027035e-05,2.6644763304027035e-05,0.013087070037394651,1.0,0.013087070037394651,0.7952820563275987,0.3193097652306944,0.3193097652306944,0.7028966911740893,0.7028966911740893,5.945365908464971e-05,0.7952820563275987,0.5125117002121277,0.008397366635876494,0.9990599815395211,0.06710821812596986,0.9990599815395211
0.08397220394230048,0.03423899474179854,0.9067091397019742,0.017619270125508454,0.008036985509014383,0.018249687896659258,0.004994976142128197,0.00019661857355203363,0.00014927303290609018,0.15121333797066716,0.00013073485656487876,0.018624475018603804,0.6990117941418311,0.6584288228070506,0.15121333797066716,0.0004009993122626258,0.010437459468847533,3.247435247302201e-05,3.247435247302201e-05,0.01921045657524616,0.9925026223786296,0.01921045657524616,0.8002758707173414,0.23352125968572335,0.23352125968572335,0.7134553709686889,0.7134553709686889,7.66409539724305e-05,0.8002758707173414,0.5199426327397363,0.00839722039423005,0.9991484172556493,0.046013599017749165,0.9991484172556493
0.08397141853261887,0.032665534827717904,0.9069080795541569,0.011449538654126195,0.007666343672546803,0.018247621504117496,0.004639140047102685,0.0003038197796219544,0.00015060770100972813,0.1837695774636167,0.0001726540604513387,0.029535495363072276,0.7088221801320039,0.6624983536060343,0.1837695774636167,0.0005047796178719142,0.0094204858661773,4.0871917582208304e-05,4.0871917582208304e-05,0.030467417063368373,0.968969273935655,0.030467417063368373,0.8052920717485815,0.15373873627917972,0.15373873627917972,0.7235313250020561,0.7235313250020561,0.00010187754209970432,0.8052920717485815,0.5275990998762475,0.008397141853261889,0.9992352267985637,0.0284701268650192,0.9992352267985637
0.08397099207970582,0.030851036976462597,0.9071090057239672,0.006341140868624231,0.00732488298023745,0.018246428723579015,0.004293209728194699,0.000517381862726698,0.00015320777927383514,0.23815843946529952,0.00023416019266853973,0.051279245142729614,0.7182181536820383,0.6665867038751015,0.23815843946529952,0.0006459291899126259,0.00793309622688067,5.291033704573613e-05,5.291033704573613e-05,0.052902088210094934,0.9160162909803069,0.052902088210094934,0.8103359008309381,0.08618836394028585,0.08618836394028585,0.7331894904702525,0.7331894904702525,0.0001390963632391557,0.8103359008309381,0.5355488504145488,0.008397099207970583,0.9993268345562693,0.015035396897113036,0.9993268345562693
0.08397076300188201,0.028562082920920835,0.9073114485596555,0.00290481678971502,0.007009877277055502,0.018245740707060264,0.003915708000228703,0.00093882665476877,0.00015705470577250747,0.33300602494061016,0.00031902387311491786,0.09435627475778642,0.7272529007396932,0.6706938818720277,0.33300602494061016,0.0008139133513187273,0.0059971343322886474,6.891653029873738e-05,6.891653029873738e-05,0.09735283949425894,0.8122338496232987,0.09735283949425894,0.8154163646537638,0.03993853235527763,0.03993853235527763,0.7424923101954989,0.7424923101954989,0.0001908139305566848,0.8154163646537638,0.5439318604847753,0.008397076300188202,0.9994341720264801,0.006578123717121846,0.9994341720264801
0.08397063414560614,0.025434993991917572,0.9075151449969704,0.0013214311361507709,0.0067188975572299615,0.018245346006815457,0.003450949675453623,0.001617099002860039,0.00016227873012207144,0.4858904673853778,0.0004204171292954018,0.16406871774015333,0.7359745118452222,0.6748199454012408,0.4858904673853778,0.0009542617564958156,0.004020484275028331,8.696782155547088e-05,8.696782155547088e-05,0.1693007538775107,0.6544078866840554,0.1693007538775107,0.8205371716317392,0.018369002224227316,0.018369002224227316,0.7514923144981202,0.7514923144981202,0.00025322654378573926,0.8205371716317392,0.552967082780845,0.008397063414560615,0.9995613749089746,0.002862833949031436,0.9995613749089746
0.08397056562679277,0.021196674633574976,0.9077198345684167,0.0007491804877671996,0.006449653290346172,0.018245119218892623,0.002857334848887785,0.002417918863519349,0.00016919290054764446,0.6812281123800737,0.0005380003698693077,0.24671640593648547,0.7444250135828404,0.6789647788538852,0.6812281123800737,0.0010168557168510645,0.0025105931794936424,0.00010674625872725151,0.00010674625872725151,0.25461697928126553,0.4841356558289282,0.25461697928126553,0.8256839054312407,0.010525414839104361,0.010525414839104361,0.7602194039251972,0.7602194039251972,0.00032636981978011913,0.8256839054312407,0.5629916834806561,0.008397056562679276,0.9996907861748455,0.0015555484038662314,0.9996907861748455
0.08397052676537624,0.01586475307776804,0.9079253538232279,0.0005069154577222636,0.006199935523705611,0.01824499277095702,0.0021321540113360786,0.003196385802099801,0.00017829561919823213,0.8668529543428765,0.000689833571430274,0.32695457310068793,0.7526400738050827,0.6831284978388164,0.8668529543428765,0.0009753274267287284,0.0015633097969567633,0.00013150097879315354,0.00013150097879315354,0.33746321954181263,0.3378876063250472,0.33746321954181263,0.830842442898526,0.007196452224793087,0.007196452224793087,0.768696721594002,0.768696721594002,0.0004215942813675888,0.830842442898526,0.5744126263395026,0.008397052676537625,0.9998051904718618,0.0010106736537402348,0.9998051904718618
0.08397051244801224,0.009746456870301,0.9081311412758248,0.00038351321385746666,0.005967603229244667,0.018244921141586084,0.001310262960012175,0.0038817429447009695,0.0001902715685452527,0.9875281819211686,0.0009042703080052309,0.39688539100473236,0.7606500544029501,0.6873110445516064,0.9875281819211686,0.0007853339851594589,0.0010441452495068913,0.0001658946036676819,0.0001658946036676819,0.4096790158981435,0.22910587628429896,0.4096790158981435,0.8360055695295163,0.005501705862096743,0.005501705862096743,0.7769483849351397,0.7769483849351397,0.0005570609678025259,0.8360055695295163,0.5875876546346412,0.008397051244801225,0.9998963063623606,0.0007357692485571801,0.9998963063623606
0.05511844586486557,0.0037230330091345878,0.9061444841435389,0.000311685193698912,0.005680936662416285,0.0019779232911612127,2.4682474631465117e-05,0.0002152027647511707,1.0012845896691126e-05,1.0,0.0012270984930559772,0.4520050610639838,0.768463545980831,0.6915162258267045,1.0,0.0004124040192399049,0.0008254883375094678,0.00021710540822134834,0.00021710540822134834,0.4666044800335859,0.1603916063474319,0.4666044800335859,0.8411728043524405,0.004576240093466067,0.004576240093466067,0.784978095951728,0.784978095951728,0.0007626842940415399,0.8411728043524405,0.6031388284933202,0.0011023689172973115,0.999958472354413,0.0005842139561555268,0.999958472354413
0.05108248168965102,0.00047721945394833706,0.8984879173923119,0.0002480018030386663,0.0050499171761409865,0.0012442962910111095,3.1450911719990855e-06,0.00021617486866063387,1.0000293316760877e-05,0.9229087695349105,0.0017021573419548307,0.496239787818482,0.7761421987584556,0.6957364857996404,0.9229087695349105,7.966703179172895e-05,0.0007504724828465301,0.0002908502523133817,0.0002908502523133817,0.5122859480536485,0.11632497425627675,0.5122859480536485,0.846336131006851,0.003995578883957104,0.003995578883957104,0.7928496133590965,0.7928496133590965,0.0010688011759030576,0.846336131006851,0.620069492456488,0.0010216496337930206,0.9999935956882078,0.0004877567992038265,0.9999935956882078
0.05108189570039639,0.0002498391278295947,0.8927718385021902,0.00020275687596995638,0.004442850284853026,0.0008905514651420452,1.8545566989325094e-06,0.0002365001516288056,1.1224025183154322e-05,0.7656710961526205,0.002370567895203883,0.5301241591238388,0.7836856337385713,0.6999755735004355,0.7656710961526205,6.388486817446307e-05,0.0007819009583010367,0.0003919439082488419,0.0003919439082488419,0.5472694922345894,0.09128850180994738,0.5472694922345894,0.8514982680935502,0.0036276502207858085,0.0036276502207858085,0.8005605570864228,0.8005605570864228,0.0015063216145004858,0.8514982680935502,0.6371341405896441,0.0010216379140079279,1.0,0.0004243754160787245,1.0
0.05108189570039639,0.0002120800448056122,0.8902438928798112,0.0001739830922675899,0.004005362585200048,0.0006785145257361305,1.7502660082464675e-06,0.0002567631305305194,1.2746204662867418e-05,0.5725347757484084,0.003267274249679168,0.5567381355928764,0.7911121270109067,0.7042335549912925,0.5725347757484084,8.038356684018485e-05,0.0008886812818329767,0.000523762011373722,0.000523762011373722,0.5747317359606451,0.07712388254355283,0.5747317359606451,0.8566593594918268,0.0033794789339119573,0.0033794789339119573,0.8081294083966446,0.8081294083966446,0.002105240374638529,0.8566593594918268,0.6542276502783705,0.0010216379140079279,0.9999782775380589,0.0003797128411168836,0.9999782775380589
0.05108189570039639,0.00018914332225830713,0.8884781592258132,0.0001550078057989461,0.003700543282428433,0.0005514657003876872,1.7159068702229286e-06,0.00027897302629296776,1.4657781334675015e-05,0.38963393242315253,0.004427932970371617,0.5787252739236927,0.7984378912357054,0.7085103559522334,0.38963393242315253,0.00010217962454326552,0.0010532506205270507,0.0006897051519151729,0.0006897051519151729,0.5973994337234353,0.06870065809235679,0.5973994337234353,0.8618184782618131,0.0031958746638436073,0.0031958746638436073,0.8155717188899132,0.8155717188899132,0.0029000718888666926,0.8618184782618131,0.6706565024248772,0.0010216379140079279,0.9999279665494966,0.0003457054361829034,0.9999279665494966
0.05108189570039639,0.0001742702517848603,0.8873062160252684,0.00014185228290914935,0.003486514911034437,0.0004753181141727909,1.7286080322093228e-06,0.0003048715603256321,1.709583858303191e-05,0.247713947613636,0.005803788678718311,0.5979280711453049,0.8056775388625889,0.7128060507032363,0.247713947613636,0.00012755558036374353,0.001258591341506114,0.0008804251170168687,0.0008804251170168687,0.6171771316576263,0.06318388340053394,0.6171771316576263,0.8669808444693369,0.003050597983514699,0.003050597983514699,0.8229070828127146,0.8229070828127146,0.003871619588808727,0.8669808444693369,0.686681040515656,0.0010216379140079279,0.999855501460424,0.0003184928830716773,0.999855501460424
0.05108189570039639,0.0001640789015059397,0.8866255522994447,0.00013219022314918565,0.003332245695495492,0.0004296769996032554,1.7772911276976187e-06,0.00033549345563184423,2.0197477755769008e-05,0.15453158483909568,0.007317574021882858,0.6154762618328677,0.8128445874602274,0.7171205649243227,0.15453158483909568,0.00015467220171554028,0.0014800028354442995,0.0010837303495701588,0.0010837303495701588,0.6352353225190233,0.05920876942945413,0.6352353225190233,0.8721531434533005,0.0029296924849385366,0.0029296924849385366,0.8301556178864032,0.8301556178864032,0.004978846059978397,0.8721531434533005,0.702080260183443,0.0010216379140079279,0.9997690532893349,0.00029598098236359845,0.9997690532893349
0.05108189570039639,0.00015663447447289474,0.8862290482397711,0.0001247145124720203,0.0032171849295451914,0.0004023212519675039,1.8528334134667703e-06,0.0003711362929556014,2.4103940812687642e-05,0.10074568970979028,0.008879190841486324,0.6320176934380051,0.8199521334892331,0.7214539068732684,0.10074568970979028,0.00018162051029315974,0.0016943499647126936,0.0012869991358028445,0.0012869991358028445,0.6522482213841014,0.056123099793913056,0.6522482213841014,0.8773431671689834,0.0028263921613271483,0.0028263921613271483,0.837338053118823,0.837338053118823,0.006165726141455677,0.8773431671689834,0.7168485463614809,0.0010216379140079279,0.9996777466748171,0.000277040945986853,0.9996777466748171
0.05108189570039639,0.00015083430330732134,0.8860041202059094,0.00011866964511538286,0.0031285766308601667,0.00038592457188466755,1.9470732812698794e-06,0.00041153620026811904,2.8948589131840284e-05,0.07194147314024853,0.010428223271509449,0.6479219544010972,0.8270124311941016,0.7258060765500732,0.07194147314024853,0.000207236661219538,0.0018878695012017382,0.001482989084686612,0.001482989084686612,0.6686012209562134,0.05360542757623634,0.6686012209562134,0.8825560793163555,0.002736721505789043,0.002736721505789043,0.8444718326032827,0.8444718326032827,0.0073910012838442575,0.8825560793163555,0.7307308707517701,0.0010216379140079279,0.9995875241757752,0.00026094043240648695,0.9995875241757752
0.05108189570039639,0.00014605229397705264,0.8858765523922316,0.00011360853196717142,0.0030585047923068725,0.00037609713870290077,2.0534852139380123e-06,0.000456202185824234,3.4902617043210864e-05,0.056750059243263526,0.011950677829671958,0.6634069156984099,0.8340368926032117,0.730177073954737,0.056750059243263526,0.00023134816946685275,0.0020566794202728713,0.0016714428916022967,0.0016714428916022967,0.6845204090680411,0.05148377170220972,0.6845204090680411,0.887793255096993,0.002658178465068119,0.002658178465068119,0.8515699532952614,0.8515699532952614,0.00864455651852594,0.887793255096993,0.7442633048869683,0.0010216379140079279,0.9994999216224665,0.0002471684616224229,0.9994999216224665
0.05108189570039639,0.0001419087262243385,0.8858100582839108,0.00010923203550894026,0.003002116618325513,0.00037020655131904135,2.167470165119387e-06,0.0005047563550566805,4.212782494609926e-05,0.04842206584144063,0.013460782145996305,0.6786059520352017,0.8410354979775443,0.7345669651494628,0.04842206584144063,0.0002542837507111871,0.0022049946250314333,0.0018559307088654288,0.0018559307088654288,0.7001428523151103,0.04965053495755941,0.7001428523151103,0.8930538149486793,0.002588369920565388,0.002588369920565388,0.8586417131291276,0.8586417131291276,0.009938262479223322,0.8930538149486793,0.7566983062397399,0.0010216379140079279,0.9994138247850962,0.00023528739247043867,0.9994138247850962
0.05108189570039639,0.00013818789851830713,0.8857789655938468,0.00010536188865443275,0.002956428015985311,0.00036667562607220234,2.286677449995131e-06,0.0005570792139339551,5.086281020058621e-05,0.043504694354878214,0.01498474534470123,0.6936047127779138,0.8480172169187405,0.7389755519476416,0.043504694354878214,0.0002765722947283226,0.002338710364500237,0.0020414119945863507,0.0020414119945863507,0.7155552969767291,0.0480356539251353,0.7155552969767291,0.8983353253343924,0.00252580774150871,0.00252580774150871,0.8656941773503116,0.8656941773503116,0.011295975869643605,0.8983353253343924,0.7682037311710054,0.0010216379140079279,0.9993267743276316,0.0002249945988317509,0.9993267743276316
0.05108189570039639,0.00013475994251274187,0.8857676517320192,0.0001018779210661874,0.002919627729636931,0.00036455903152005195,2.4104045177004687e-06,0.0006133425966387749,6.138891724044525e-05,0.0403141216838666,0.016548512257494093,0.7084589522261671,0.8549895872610433,0.7434030325358827,0.0403141216838666,0.000298689371920859,0.002463572117648376,0.0022326010505818927,0.0022326010505818927,0.7308134677567789,0.04659119911132925,0.7308134677567789,0.9036357818340761,0.002469242116626989,0.002469242116626989,0.8727328763591952,0.8727328763591952,0.012744682977825765,0.9036357818340761,0.7786127856910219,0.0010216379140079279,0.9992363109140395,0.00021604797299097574,0.9992363109140395
0.05108189570039639,0.00013154895662957628,0.8857676755760054,9.87097727768248e-05,0.0028906422668314577,0.00036329001649232964,2.539136188099739e-06,0.0006739739728449573,7.406598030746344e-05,0.03802810050305238,0.01817424209390334,0.7232060178598682,0.8619591782901616,0.7478492747897797,0.03802810050305238,0.00032101145183534676,0.0025841227831569554,0.0024336165991596615,0.0024336165991596615,0.7459542490830272,0.04528339712136647,0.7459542490830272,0.9089531086777853,0.002417945119081861,0.002417945119081861,0.8797626505408705,0.8797626505408705,0.014311698784802738,0.9089531086777853,0.7881563527299535,0.0010216379140079279,0.9991403968087496,0.00020828153410235058,0.9991403968087496
0.05108189570039639,0.00012850902280547863,0.8857736300529172,9.580410296485658e-05,0.002868863892785911,0.00036252908913391455,2.674078072317324e-06,0.000739610462998828,8.92878694758579e-05,0.03623677712107432,0.01988065545664488,0.7378707439380973,0.8689315486324642,0.7523142787093328,0.03623677712107432,0.00034382808030166486,0.0027035691576061676,0.002648148639367146,0.002648148639367146,0.7610015838499617,0.04408961641207689,0.7610015838499617,0.9142854654120618,0.002371207044323218,0.002371207044323218,0.8867873642066959,0.8867873642066959,0.016025047407418117,0.9142854654120618,0.7966122282800339,0.0010216379140079279,0.9990371247715729,0.00020155368705876807,0.9990371247715729
0.05108189570039639,0.00012561375740179632,0.8857824272590321,9.31287317940184e-05,0.0028539922839118125,0.0003620726562209728,2.816951075112208e-06,0.0008110763297276177,0.00010752848536931255,0.034729366559489785,0.021683937282615903,0.7524701706489423,0.8759116673630389,0.7567980525523174,0.034729366559489785,0.0003673705376257854,0.002824338837614324,0.0028796824806930463,0.0028796824806930463,0.7759714344261005,0.04299315408163585,0.7759714344261005,0.9196311918101743,0.0023286046186203535,0.0023286046186203535,0.893810429916058,0.893810429916058,0.01791451412750263,0.9196311918101743,0.8041684725318181,0.0010216379140079279,0.9989248184387645,0.00019576591648804033,0.9989248184387645
0.05108189570039639,0.00012284600752410286,0.885792564328489,9.065765783656481e-05,0.002845944711804828,0.00036179874398481216,2.969802638786694e-06,0.0008893786911750581,0.00012929831529887682,0.03339501252099046,0.023599344330238605,0.7670159570684633,0.8829036192300511,0.7613005963187333,0.03339501252099046,0.0003918361684279612,0.0029482901420576114,0.0031318043693218597,0.0031318043693218597,0.790874165048936,0.0419821704039437,0.790874165048936,0.9249886449464859,0.0022897291284053128,0.0022897291284053128,0.9008343708956308,0.9008343708956308,0.020013779981715437,0.9249886449464859,0.8106558431041504,0.0010216379140079279,0.9988018717133234,0.0001908361636838224,0.9988018717133234
0.05108189570039639,0.00012019680319401016,0.8858033477547279,8.837698216484095e-05,0.0028448057874001834,0.0003616342083024022,3.1350688616467874e-06,0.0009757295196319865,0.0001552194770819402,0.03217332470168913,0.025642319834879572,0.7815163670472742,0.8899109415411898,0.7658218356886022,0.03217332470168913,0.00041741912830276043,0.003077019776297925,0.00340844856635559,0.00340844856635559,0.8057164193006883,0.041047410312291706,0.8057164193006883,0.9303559147637185,0.002254398103556801,0.002254398103556801,0.9078609664129109,0.9078609664129109,0.02236260845056015,0.9303559147637185,0.8164975585224185,0.0010216379140079279,0.9986665279266541,0.00018671476951858537,0.9986665279266541
0.05108189570039639,0.00011765712616546019,0.8858145370166453,8.626941307054258e-05,0.0028508082333677403,0.00036153525223895234,3.3155017970771375e-06,0.001071592732220636,0.00018594600645518744,0.031030765646131716,0.027829767300608824,0.7959769952335946,0.8969366241636688,0.7703618449819026,0.031030765646131716,0.00044431289271098633,0.0032120434149626427,0.0037141836672504092,0.0037141836672504092,0.8205017685562546,0.040182323003638665,0.8205017685562546,0.9357309869613164,0.002222298968876595,0.002222298968876595,0.9148911449130027,0.9148911449130027,0.02500993979385083,0.9357309869613164,0.8212932457616906,0.0010216379140079279,0.9985167694193992,0.0001833537112322477,0.9985167694193992
0.05108189570039639,0.0001152240226692187,0.8858265429497372,8.433149043127873e-05,0.002864332455930953,0.00036147561615890454,3.51449635881891e-06,0.001178757463403092,0.0002223559046458421,0.02994680777627172,0.03018087001729749,0.8104016639252534,0.9039829831918087,0.7749204920742284,0.02994680777627172,0.00047274836681321164,0.003354977294977719,0.004054479608019963,0.004054479608019963,0.8352315180011968,0.03938109560041155,0.8352315180011968,0.9411111904346888,0.002193451620353287,0.002193451620353287,0.9219247342246513,0.9219247342246513,0.028017470088474924,0.9411111904346888,0.8258446998585127,0.0010216379140079279,0.9983501970841631,0.00018074502285658162,0.9983501970841631
0.05108189570039639,0.00011288845166590656,0.8858392546297862,8.254726672440731e-05,0.002885928204652369,0.00036143956898134524,3.7359978468841172e-06,0.0012994562424096974,0.00026537626767875243,0.028909369816214444,0.032718622134476794,0.8247924230696899,0.9110518715010657,0.779497851285558,0.028909369816214444,0.0005029721544664549,0.003507618993738871,0.004436133843563109,0.004436133843563109,0.8499045003765003,0.0386403506534042,0.8499045003765003,0.9464934878685219,0.0021675443960369857,0.0021675443960369857,0.9289604660510258,0.9289604660510258,0.03146558137201871,0.9464934878685219,0.8292383574723772,0.0010216379140079279,0.998163819565281,0.0001788667881521633,0.998163819565281
0.05108189570039639,0.00011064902930718762,0.8858535475637426,8.092292945824893e-05,0.002916359137249082,0.00036141764735730486,3.985208214411906e-06,0.0014365236039514417,0.0003163835461504982,0.02790855109606184,0.035470636961777414,0.839150212226147,0.9181444260831972,0.7840938400381378,0.02790855109606184,0.0005353111168884986,0.003672280391766132,0.004867706125992214,0.004867706125992214,0.8645175595653481,0.03795601942263724,0.8645175595653481,0.9518738449732752,0.0021448407119756116,0.0021448407119756116,0.9359955269980363,0.9359955269980363,0.03546070540880441,0.9518738449732752,0.832669562492793,0.0010216379140079279,0.9979538725729065,0.00017776022164703922,0.9979538725729065
0.05108189570039639,0.00010850134547850625,0.8858692196937855,7.944702471326427e-05,0.0029566706994407312,0.0003614042473786661,4.268736567423352e-06,0.00159364047514538,0.00037702977877197066,0.026938588990946796,0.03847255332784932,0.8534738996528094,0.9252614470435141,0.7887084170430905,0.026938588990946796,0.0005701768412864264,0.0038510046001042748,0.005360460496414482,0.005360460496414482,0.8790640722561959,0.03732855289304366,0.8790640722561959,0.9572469769350482,0.002125143805914042,0.002125143805914042,0.943025451586159,0.943025451586159,0.04015014189981068,0.9572469769350482,0.8359098007971851,0.0010216379140079279,0.9977153270158043,0.00017744759730975768,0.9977153270158043
0.05108189570039639,0.00010643339524343618,0.8858866494836205,7.812069829629838e-05,0.0030083091776698153,0.00036139597273747903,4.595241139258873e-06,0.0017757806565290996,0.0004495088710649295,0.025993212130977824,0.04176834894575329,0.8677606666719481,0.9324027238279867,0.7933416979092717,0.025993212130977824,0.0006080307880646273,0.004048165510473843,0.005929182460437102,0.005929182460437102,0.8935339396064703,0.03675506465132364,0.8935339396064703,0.9626061130911434,0.002108593073303868,0.002108593073303868,0.9500430541877116,0.9500430541877116,0.04573945409232061,0.9626061130911434,0.838196451026697,0.0010216379140079279,0.9974415376676323,0.00017800488697014075,0.9974415376676323
0.05108189570039639,0.00010444465130000411,0.8859064193518661,7.695529423705345e-05,0.0030733079270182226,0.0003613908010867371,4.977073209787317e-06,0.0019897457622757146,0.000537080846281068,0.02506600446598699,0.045417198698475054,0.8820055592439187,0.9395672457772758,0.7979935009656229,0.02506600446598699,0.0006495721893043242,0.004268045376201075,0.006594349895471684,0.006594349895471684,0.907912143378645,0.03623696745441445,0.907912143378645,0.9679414731665552,0.002095607894529781,0.002095607894529781,0.9570376691464939,0.9570376691464939,0.052532113855896824,0.9679414731665552,0.8407284022242495,0.0010216379140079279,0.9971232895468461,0.00017956801324698645,0.9971232895468461
0.05108189570039639,0.000102528125475921,0.8859282255331065,7.595376703900842e-05,0.003154596143631837,0.00036138748196760424,5.431750746381427e-06,0.0022452983060158205,0.0006442562189418317,0.024153097453419096,0.0495005944127862,0.8961996729095325,0.9467526967970605,0.8026638179543689,0.024153097453419096,0.0006957293023991948,0.004516446881848938,0.00738525913299394,0.00738525913299394,0.922175202514957,0.03577869379291661,0.922175202514957,0.9732391860741936,0.0020863900961942414,0.0020863900961942414,0.9639929788312056,0.9639929788312056,0.060996692361175414,0.9732391860741936,0.8430223939823961,0.0010216379140079279,0.996747181781592,0.00018230956838301559,0.996747181781592
0.05108189570039639,0.00010067337663800632,0.885952330418793,7.513710174387663e-05,0.0032565698663037006,0.00036138530524296365,5.985767829104419e-06,0.002557183506279743,0.0007779432239148979,0.023247075519889186,0.054132987364855036,0.9103293840597667,0.9539551605823992,0.8073527149377128,0.023247075519889186,0.0007477868868522562,0.0048034648994642205,0.008345421995082931,0.008345421995082931,0.9362879041933615,0.03538432173374848,0.9362879041933615,0.9784787608202331,0.0020816436957761977,0.0020816436957761977,0.9708842914503015,0.9708842914503015,0.07189543074180064,0.9784787608202331,0.8449017567186067,0.0010216379140079279,0.9962932987690551,0.00018653482253206543,0.9962932987690551
0.05108189570039639,9.887386914509895e-05,0.8859788161559996,7.45400814235843e-05,0.0033861761503358404,0.00036138386953096666,6.681826799593675e-06,0.0029488526638946242,0.0009493038571886315,0.022339920730338473,0.05948886599444298,0.9243730614784147,0.9611681099583886,0.8120600680490238,0.022339920730338473,0.0008077638753811406,0.005143031243178159,0.009544147366234441,0.009544147366234441,0.9501936344441791,0.035064787935856774,0.9501936344441791,0.983626527814687,0.0020824721534550786,0.0020824721534550786,0.9776712639598066,0.9776712639598066,0.08658100729667925,0.983626527814687,0.846641780676081,0.0010216379140079279,0.9957290869306427,0.00019274204949633667,0.9957290869306427
0.05108189570039639,9.712019896536439e-05,0.8860075114383075,7.422536938309153e-05,0.003555281263324287,0.00036138285063858164,7.5943605826242015e-06,0.003460920834539927,0.001177839813578905,0.021420304524558863,0.06585434622375073,0.938294980560626,0.9683801328966499,0.8167859433505048,0.021420304524558863,0.0008789875021180052,0.005558497076453192,0.011101247700558302,0.011101247700558302,0.9637957022046861,0.03483868098867529,0.9637957022046861,0.9886238627722381,0.0020907866198221965,0.0020907866198221965,0.9842833176724199,0.9842833176724199,0.10772980085231217,0.9886238627722381,0.8485034648760782,0.0010216379140079279,0.9949974093655372,0.00020181171291789923,0.9949974093655372
0.05108189570039639,9.53939955794294e-05,0.8860383518144744,7.431557172575265e-05,0.0037866704672696264,0.000361382109625938,8.87066892377501e-06,0.004173267219255599,0.0015021456155041805,0.02047034706812512,0.07375884521137722,0.9520319132400744,0.9755716899832795,0.8215302169755254,0.02047034706812512,0.0009676206051589258,0.0060931509118925245,0.013251537603083797,0.013251537603083797,0.9769089480230431,0.0347403382924668,0.9769089480230431,0.9933524436408839,0.0021102395174133247,0.0021102395174133247,0.9905819977980478,0.9905819977980478,0.14157933693912922,0.9933524436408839,0.8500413945458928,0.0010216379140079279,0.9939829583471592,0.00021548641900871385,0.9939829583471592
0.05108189570039639,9.366781204161929e-05,0.8860711653278182,7.509464252322817e-05,0.004133231902584288,0.0003613815693042187,1.0859268151564757e-05,0.005273347021305441,0.0020147500598477835,0.019448180915026154,0.08439062489265307,0.9654566987146765,0.9827021864014606,0.8262929054396362,0.019448180915026154,0.0010876784516324792,0.006841716625797711,0.016558638086841153,0.016558638086841153,0.9891027011022441,0.034842324529964795,0.9891027011022441,0.9975159604428532,0.0021491642228360403,0.0021491642228360403,0.9962289802163528,0.9962289802163528,0.20693767244428302,0.9975159604428532,0.8522200291729396,0.0010216379140079279,0.9923958634811125,0.0002379431837128787,0.9923958634811125
0.05108189570039639,9.184787422317792e-05,0.8861055230853835,7.744174021703898e-05,0.004762829996090866,0.0003613811679223701,1.4688510703337273e-05,0.007366887872367745,0.0030245448814795895,0.01824759561238622,0.1014329771717168,0.978248989989829,0.9896650397016468,0.8310739096495325,0.01824759561238622,0.001282571547224575,0.00807858238561049,0.022945750370399448,0.022945750370399448,0.9989241622000978,0.035327867966534726,0.9989241622000978,1.0,0.002233157897660724,0.002233157897660724,1.0,1.0,0.38169295365083744,1.0,0.8548590587612014,0.0010216379140079279,0.989143878425524,0.00028304107901651186,0.989143878425524
0.05108189570039639,8.972409386562454e-05,0.8861403149527776,8.319793896809446e-05,0.0060709558767254096,0.0003613808128538117,2.3264386044129816e-05,0.012075908416650426,0.0054924752745262135,0.016606960048007376,0.13354085085924508,0.9894914142329003,0.9960297090050674,0.8358732461207655,0.016606960048007376,0.0016502786091286213,0.010653265151337209,0.038523874395602224,0.038523874395602224,1.0,0.036690013640922614,1.0,0.9954183360165706,0.0024156927184099085,0.0024156927184099085,0.9960678519581646,0.9960678519581646,0.6621432692833621,0.9954183360165706,0.8584116925412533,0.0010216379140079279,0.9789586034922331,0.00038795414272619044,0.9789586034922331
0.05108189570039639,8.754082130159504e-05,0.8861745936554831,9.022486039846769e-05,0.00778083308478352,0.0003613805349740703,3.427125894803712e-05,0.01838914855717699,0.009377155619383381,0.01494114065929951,0.1754806583449344,0.9984262809753197,1.0,0.8406909148533349,0.01494114065929951,0.0021167667859844906,0.01486719504598715,0.06491023581099023,0.06491023581099023,0.9667444707589924,0.03903013221265223,0.9667444707589924,0.9592002613453687,0.002631371332051988,0.002631371332051988,0.9581298131198606,0.9581298131198606,0.7640069605795524,0.9592002613453687,0.8602479152607172,0.0010216379140079279,0.9379335056568343,0.0005397109726099625,0.9379335056568343
0.05108189570039639,8.630074987854095e-05,0.8862088015719577,9.632044837414781e-05,0.00948571407199158,0.00036138027253209234,4.4329264519060486e-05,0.02415485765363648,0.01358115628735914,0.013493146410198654,0.2200447783020475,1.0,0.9664998433056916,0.845526833269487,0.013493146410198654,0.002617920334680324,0.020109998064523026,0.0992742418519094,0.0992742418519094,0.12915915808928333,0.041776017071151327,0.12915915808928333,0.12868556740972142,0.00271627572920803,0.00271627572920803,0.12352522527689254,0.12352522527689254,0.8038723705386234,0.12868556740972142,0.8608872633268717,0.0010216379140079279,0.1251127480094837,0.0007030605895090891,0.1251127480094837
0.05108189570039639,8.736496026657849e-05,0.8862450186251162,0.00010156788657830084,0.011078598156467442,0.00036138007184116806,5.4023901342796225e-05,0.02873432576635537,0.017380506109284367,0.012305546398775532,0.265991863155647,0.9885522180014895,0.8640113641905035,0.8503810013692217,0.012305546398775532,0.003204883261505603,0.026742383047814698,0.14021175762378488,0.14021175762378488,0.029635264822977188,0.045125411942092006,0.029635264822977188,0.030040004137999187,0.0025615641097490606,0.0025615641097490606,0.02563051387117304,0.02563051387117304,0.8261401660059711,0.030040004137999187,0.8618970548620761,0.0010216379140079279,0.029039260679822317,0.0008665567984294261,0.029039260679822317
0.05108189570039639,8.838078648127254e-05,0.8862847369058267,0.00010518317170752507,0.012528871536712645,0.00036137987115024374,6.24943497179446e-05,0.032467012971776406,0.021023589674234764,0.011718178518818177,0.31198580559932776,0.9771068703155631,0.7689022984667372,0.8552532539970316,0.011718178518818177,0.003803948575639679,0.03385490480930248,0.18604303851730353,0.18604303851730353,0.015768556143445064,0.047814998848123035,0.015768556143445064,0.016263793019975922,0.0023614684141938284,0.0023614684141938284,0.012278623481458624,0.012278623481458624,0.8411885449689861,0.016263793019975922,0.8628683064014134,0.0010216379140079279,0.01563242016814551,0.001015511269657845,0.01563242016814551
0.05108189570039639,8.917684902820183e-05,0.8863277287534326,0.0001072295391918968,0.013828447538046126,0.00036137970133484626,6.981991491782822e-05,0.03555219865933437,0.024537125975597672,0.0111904000003026,0.35842856860437705,0.9665318747928833,0.6835307670390638,0.8601436737306705,0.0111904000003026,0.00441053188545869,0.04087714023216799,0.235959225490968,0.235959225490968,0.010343401707997087,0.04943980319500331,0.010343401707997087,0.01084664563770539,0.002140580241128967,0.002140580241128967,0.007238256012137935,0.007238256012137935,0.8528212308332048,0.01084664563770539,0.8639020513005782,0.0010216379140079279,0.01036629511486324,0.0011431493283854976,0.01036629511486324
0.05108189570039639,8.971816007295071e-05,0.8863735917125308,0.000107907229037574,0.014977833756558086,0.00036137954695721216,7.617020869635638e-05,0.03816661541396452,0.027957453241160196,0.010587104996840674,0.4057051779880371,0.9570027368293065,0.6073460026780788,0.8650521779923845,0.010587104996840674,0.005023247111079061,0.04740316490474279,0.28931961792200656,0.28931961792200656,0.007482499521904167,0.04992666008404231,0.007482499521904167,0.007969903510406091,0.0019142697275252951,0.0019142697275252951,0.004698923305595198,0.004698923305595198,0.8625753978049371,0.007969903510406091,0.8646043846033304,0.0010216379140079279,0.007573730994652661,0.0012463197096394584,0.007573730994652661
0.05108189570039639,9.000164859732026e-05,0.8864221749722195,0.00010741920778314347,0.01598138472023818,0.00036137946976839513,8.174516242158356e-05,0.04046591515769115,0.031336812775279874,0.009886866643177398,0.45405917544381863,0.9484992772547292,0.5395084422480196,0.8699786842044198,0.009886866643177398,0.005640030738326651,0.05312025154634002,0.34551754482055624,0.34551754482055624,0.005735150682754986,0.049351703123750985,0.005735150682754986,0.006198601000817244,0.0016928618570374457,0.0016928618570374457,0.003228008983367248,0.003228008983367248,0.8711806288282815,0.006198601000817244,0.8655299538948824,0.0010216379140079279,0.005857120867954093,0.0013239637691179111,0.005857120867954093
0.05108189570039639,9.003996681565891e-05,0.886473230027762,0.0001059799631471725,0.016845444821480565,0.00036137940801734154,8.672646245614958e-05,0.042570546588789414,0.034726813453898275,0.009119213900048813,0.5036145891709614,0.9409105426640079,0.4791695109006769,0.8749231923667766,0.009119213900048813,0.0062581844486264025,0.05782003835763455,0.40394311352574275,0.40394311352574275,0.004570197724795844,0.04787835345291237,0.004570197724795844,0.005007648368421055,0.0014833732750971615,0.0014833732750971615,0.0023030559712228626,0.0023030559712228626,0.8790284601005881,0.005007648368421055,0.8661551567927536,0.0010216379140079279,0.004705036672012828,0.0013768237747749,0.004705036672012828
0.05108189570039639,8.985613817900245e-05,0.8865266202699359,0.00010379450217065904,0.017577524341992338,0.00036137937714181474,9.128302377189567e-05,0.04457617375644802,0.03818097499496792,0.008313561307841614,0.5544139933981552,0.9340854134943641,0.4255341566220463,0.8798856199017011,0.008313561307841614,0.006874914790225084,0.06140275861453524,0.4639828952342245,0.4639828952342245,0.0037468275697396364,0.04570342978430685,0.0037468275697396364,0.004158920115811398,0.0012900808904875596,0.0012900808904875596,0.0016890410462546861,0.0016890410462546861,0.8863493256226351,0.004158920115811398,0.8667795935552142,0.0010216379140079279,0.0038855587025241746,0.0014068425035118793,0.0038855587025241746
0.05108189570039639,8.947842552632e-05,0.8865820130733749,0.00010104841324766078,0.018185866343993957,0.00036137937714181474,9.557348107330787e-05,0.04656160065016537,0.04175522094468475,0.00750704696964797,0.6064372822653835,0.9278604704983843,0.3778767765390931,0.8848659668091932,0.00750704696964797,0.007487509470250417,0.06385765732864272,0.525022285783603,0.525022285783603,0.0031400214006797058,0.043035957050652905,0.0031400214006797058,0.0035286181896863416,0.0011151560325370238,0.0011151560325370238,0.0012654028207655865,0.0012654028207655865,0.893288541787673,0.0035286181896863416,0.8673999784118973,0.0010216379140079279,0.003278130909433154,0.0014166822699122805,0.003278130909433154
0.05108189570039639,8.8937121621988e-05,0.8866394454154235,9.789290527203582e-05,0.01867917449742617,0.00036137940801734154,9.973888518332944e-05,0.04859007738290976,0.04550507302874782,0.006727279002768973,0.659619616477215,0.9220768427495355,0.33554280028605027,0.8898641505114989,0.006727279002768973,0.008093510096502545,0.06524896977313667,0.5864570543592584,0.5864570543592584,0.002678449015583623,0.04006671449740445,0.002678449015583623,0.00304591108430817,0.0009591404397724607,0.0009591404397724607,0.0009644791745506877,0.0009644791745506877,0.8999428486684572,0.00304591108430817,0.8679697895695513,0.0010216379140079279,0.002813796120279962,0.0014091982870290034,0.002813796120279962
0.05108189570039639,8.826227653117166e-05,0.8866987405958268,9.446781884259508e-05,0.019066445642932056,0.00036137946976839513,0.00010390761593162549,0.0507152538431071,0.04948764986670528,0.005993320121092664,0.7138677435406419,0.9165911834024125,0.297944988464587,0.8948802535863725,0.005993320121092664,0.008690835445481753,0.06568986957545535,0.6477103458131505,0.6477103458131505,0.002318487690973378,0.03695805011671567,0.002318487690973378,0.002667296442461054,0.0008216964221251825,0.0008216964221251825,0.0007457510355189313,0.0007457510355189313,0.9063796469198773,0.002667296442461054,0.8685584828587316,0.0010216379140079279,0.002450222235642055,0.001387501826396268,0.002450222235642055
0.05108189570039639,8.748167544666127e-05,0.8867598268774565,9.08684115321328e-05,0.019356818877719482,0.00036137951608168536,0.00010819293562085759,0.052982512413950744,0.0537603829877507,0.0053169820980380035,0.7690682840714057,0.9112787446138966,0.26455832881414204,0.8999138631450448,0.0053169820980380035,0.009277731813696677,0.06532133758548953,0.7082448107546958,0.7082448107546958,0.002032014480564152,0.03383779728863689,0.002032014480564152,0.002364578528793745,0.0007016442573815506,0.0007016442573815506,0.0005837483387565073,0.0005837483387565073,0.9126472591813175,0.002364578528793745,0.8690934268677614,0.0010216379140079279,0.0021599908709446455,0.0013542823328066384,0.0021599908709446455
0.05108189570039639,8.662098987539198e-05,0.8868226316669896,8.720009979584274e-05,0.019559446145145983,0.0003613796087082658,0.00011269851035221924,0.05543256713280008,0.05838282602247647,0.004703316828434345,0.8251012408568461,0.9060368368294581,0.23491447758555506,0.9049652269207771,0.004703316828434345,0.009852934493026119,0.06429245351719269,0.7675800849352382,0.7675800849352382,0.00180011925902097,0.03080102001599515,0.00180011925902097,0.0021186760469838113,0.0005977020661536678,0.0005977020661536678,0.00046184246998698093,0.00046184246998698093,0.9187820659493836,0.0021186760469838113,0.869690820011684,0.0010216379140079279,0.001924561443168097,0.001312461610917269,0.001924561443168097
0.05108189570039639,8.570126951453295e-05,0.8868869660792705,8.35021511894375e-05,0.019683368948441013,0.0003613797167726097,0.00011751272258444887,0.05810050571536441,0.0634141632702245,0.004153250644300042,0.8818396553457402,0.9007804512912309,0.2085961166930856,0.9100342623358157,0.004153250644300042,0.010415326025347534,0.06274862228809074,0.8252959979612292,0.8252959979612292,0.0016096587249464186,0.027910907761895098,0.0016096587249464186,0.0019162397315088072,0.0005080689469364725,0.0005080689469364725,0.0003688499558127919,0.0003688499558127919,0.9248113213150105,0.0019162397315088072,0.870209396500801,0.0010216379140079279,0.001730976664374231,0.001263955325059753,0.001730976664374231
0.3635761637692907,8.761737212331461e-05,0.8935173058907416,8.22716972744993e-05,0.02023735179305876,0.05111731698667579,0.0005259777277991489,0.2588081319590231,0.29130770192514227,0.0036672985317694248,0.9370495898278368,0.8932521260891065,0.18555728219217402,0.9151256763221255,0.0036672985317694248,0.011027711250186945,0.06086015155988583,0.8787665883909852,0.8787665883909852,0.0014510531866945902,0.025231384074405273,0.0014510531866945902,0.0017517303527316438,0.0004339941016600043,0.0004339941016600043,0.00029827436981901966,0.00029827436981901966,0.9307345139389653,0.0017517303527316438,0.8913517964648626,0.3635761637692907,0.001573568417483715,0.0012162195004836842,0.001573568417483715
0.9323738538221475,0.0001623586879310614,0.9505577166047446,0.0001242399510491724,0.031143790916649785,0.6140062801117211,0.0014972252359907801,0.5942392621732955,0.6718009122026197,0.003384846982168014,0.9751315468655118,0.869500815804343,0.16478165083960103,0.9202297247047618,0.003384846982168014,0.013848996717084465,0.061069560234207024,0.9165136696886869,0.9165136696886869,0.0013122357662065749,0.023675894794980987,0.0013122357662065749,0.0016364976122008829,0.00037902902931629106,0.00037902902931629106,0.0002460817391889383,0.0002460817391889383,0.9363901684906133,0.0016364976122008829,0.9293276553715151,0.9323738538221477,0.0014619019135682111,0.0011987663423730143,0.0014619019135682111
0.9998780876456457,0.00040074173147294453,0.985983352054976,0.00021649146013498117,0.05416245260070557,0.9189691799034087,0.003050204293645775,0.8079152987075018,0.8964582790668997,0.0033746798357869407,0.9948969111986975,0.8318436016517365,0.14634419671406013,0.9253512795711968,0.0033746798357869407,0.020255463015433905,0.0651597686149486,0.9444970790187447,0.9444970790187447,0.0011906053576187256,0.02373531233422395,0.0011906053576187256,0.0015606661954230964,0.00034067367583091044,0.00034067367583091044,0.00020726707490065227,0.00020726707490065227,0.9418285682573567,0.0015606661954230964,0.9562292501564346,0.9998780876456458,0.0013864445654013942,0.0012254082077487768,0.0013864445654013942
0.9999999386398687,0.0006558587054447251,0.9987956119847632,0.0002873351118666582,0.07092322933803966,0.981470294394774,0.004736914605504864,0.9305224808455759,0.9947339175242782,0.0034163843510030506,1.0,0.7854774206937795,0.1299845866028514,0.9304900931881693,0.0034163843510030506,0.025921594173676555,0.0705440693963206,0.9670849261314849,0.9670849261314849,0.0010834929352527053,0.024173129275269958,0.0010834929352527053,0.001512451210420772,0.00031243145818333064,0.00031243145818333064,0.00017742421690835334,0.00017742421690835334,0.9471161760900008,0.001512451210420772,0.975421780247675,0.9999999386398687,0.0013361915970932215,0.0012889102855725089,0.0013361915970932215
1.0,0.0008389054248324755,1.0,0.0003320755147743773,0.08031622802332594,0.9956709983529988,0.006204299073796275,0.9878978290672275,1.0,0.0034323118527567077,0.9949764793685694,0.73468773075922,0.11547060046724465,0.935646248133433,0.0034323118527567077,0.029761554474760015,0.07600516205768057,0.9830386759245304,0.9830386759245304,0.0009881162466344644,0.024495598864373854,0.0009881162466344644,0.0014828395976820882,0.0002893748959685697,0.0002893748959685697,0.00015367574890723506,0.00015367574890723506,0.9523077784388139,0.0014828395976820882,0.9880676617023435,1.0,0.0013028115812121343,0.0013729110333003736,0.0013028115812121343
1.0,0.0010231117672710606,0.9990865917097761,0.0003752179658521574,0.08841353548422679,0.9989131559058776,0.007656099818062658,1.0,0.9418385496940347,0.0034592383651998733,0.9830534520037087,0.6824331184895884,0.10259548688387364,0.940819744406988,0.0034592383651998733,0.03329692520686329,0.08210490318868778,0.9927148093788805,0.9927148093788805,0.0009028123180014042,0.024896255634499865,0.0009028123180014042,0.001466631625854114,0.0002697357928665181,0.0002697357928665181,0.00013430565493654384,0.00013430565493654384,0.9574354638603654,0.001466631625854114,0.9942535767411433,1.0,0.0012814856244681813,0.0014721527266993069,0.0012814856244681813
1.0,0.001270314433582018,0.9979035280853209,0.00042877506790824007,0.09793546519661901,0.9996538720775813,0.00931972254538324,0.9815113394418992,0.8442048214687736,0.0035169326041447403,0.9663029151113484,0.6306270603439824,0.09117535217477467,0.9460103342755729,0.0035169326041447403,0.0375105014645385,0.08932325571978064,0.9977145837558387,0.9977145837558387,0.0008264918469654125,0.025488930487036845,0.0008264918469654125,0.0014609625841155566,0.00025284717237118053,0.00025284717237118053,0.00011824208576674754,0.00011824208576674754,0.9625165562091287,0.0014609625841155566,1.0,1.0,0.001269528131913244,0.0015877015154981387,0.001269528131913244
1.0,0.0016420701402625514,0.9942252299432393,0.0005003306352230699,0.11035579165597346,0.9998220250296755,0.01141989535507358,0.9430063051450884,0.7251004922749982,0.003618029129340574,0.9460959649614027,0.5804878657098224,0.08104688221279145,0.9512181003169417,0.003618029129340574,0.04311567403581111,0.0981193797819183,0.9996852838794792,0.9996852838794792,0.0007582880297248813,0.02635123617329299,0.0007582880297248813,0.0014641932546090191,0.00023819052055632696,0.00023819052055632696,0.00010476254212851498,0.00010476254212851498,0.9675605414011399,0.0014641932546090191,0.9975633488784447,1.0,0.00126536964563397,0.0017219139583197823,0.00126536964563397
1.0,0.0022523608359589268,0.9885442642522906,0.0006022146798874132,0.12777161952743696,0.9998626428527553,0.014293478671608642,0.89199274489852,0.5985499389426427,0.003780988860375212,0.9232622136439712,0.532743159159905,0.07206506422697995,0.9564427947978328,0.003780988860375212,0.05109505550348275,0.10911198396997392,1.0,1.0,0.0006974836757889239,0.0276035708570025,0.0006974836757889239,0.001475544825202136,0.00022569126042748975,0.00022569126042748975,9.336188360013198e-05,9.336188360013198e-05,0.972570622805541,0.001475544825202136,0.9926263656263333,1.0,0.0012682139430420186,0.001880875629322801,0.0012682139430420186
1.0,0.0033568034513080515,0.9775713302508431,0.0007547972403943346,0.1533931300423167,0.9998751697036977,0.01861559399453016,0.8336942301384237,0.47483479909535115,0.00403919057721,0.8980604855495089,0.48776357546194976,0.06410124970554018,0.9616845002959999,0.00403919057721,0.06340804630209528,0.12344813094297295,0.9996525103704927,0.9996525103704927,0.0006435691338136944,0.029457611613421645,0.0006435691338136944,0.0014951876435342403,0.0002153934293736729,0.0002153934293736729,8.369143200373412e-05,8.369143200373412e-05,0.9775427817542452,0.0014951876435342403,0.9794466781332174,1.0,0.0012780922426478502,0.0020739801921539638,0.0012780922426478502
1.0,0.005626110333898137,0.961376777307994,0.0009993994819791545,0.1932920401015511,0.999882997096687,0.025875068315568316,0.7716050880836745,0.3626115375024951,0.004454673560634558,0.8700122499929545,0.4456310698062836,0.057041448908180505,0.9669431342336896,0.004454673560634558,0.08428427755404472,0.14317561679542765,0.9990264483662026,0.9990264483662026,0.0005963282397382796,0.032302751013577664,0.0005963282397382796,0.0015247129513595793,0.0002077616588143846,0.0002077616588143846,7.553167631678517e-05,7.553167631678517e-05,0.9824600617669725,0.0015247129513595793,0.9627409505074973,1.0,0.0012962425440961962,0.0023191116142091983,0.0012962425440961962
1.0,0.010917175941312189,0.9275105215296576,0.0014033843627818015,0.25585309898296876,0.9998924564557821,0.03958207629572228,0.7078467103831594,0.26739878723535876,0.005141483882522641,0.8374358494774929,0.40616964566380914,0.05078494120952509,0.9722184488776403,0.005141483882522641,0.12330414670261665,0.17186705925110426,0.9969715073635455,0.9969715073635455,0.0005560953002319148,0.036828155483145594,0.0005560953002319148,0.0015684939947399757,0.00020344648501007616,0.00020344648501007616,6.880268327257117e-05,6.880268327257117e-05,0.9872793901603981,0.0015684939947399757,0.9310550163993159,1.0,0.0013262277728220764,0.002644488068682805,0.0013262277728220764
1.0,0.024780195631159734,0.8874512039288168,0.0020910106855442706,0.3527757229087686,0.9999061468381149,0.06795402913546403,0.643375461867892,0.1942454561810671,0.006290663904691821,0.7966869917188812,0.3689418314388438,0.045243256017613094,0.9775106093833597,0.006290663904691821,0.20125916216404424,0.2151374209697775,0.9884946260600446,0.9884946260600446,0.0005242151355625497,0.044140125078641186,0.0005242151355625497,0.0016366295117833803,0.00020412494824205107,0.00020412494824205107,6.361128521168646e-05,6.361128521168646e-05,0.9919025651109449,0.0016366295117833803,0.9001706352978365,1.0,0.001376347234317025,0.0031040163405344134,0.001376347234317025
1.0,0.061741907309412855,0.8253781148892216,0.0032131944449684223,0.48603328017497704,0.9999250655563051,0.12778230380086453,0.5780397688751626,0.14115728769477387,0.008212414664641522,0.7407913688935986,0.33320001557105905,0.04033996727316614,0.9828194505953403,0.008212414664641522,0.3537310944449497,0.2800483010527934,0.960691385695553,0.960691385695553,0.0005042127748884327,0.05590810836344975,0.0005042127748884327,0.0017525072219563358,0.0002121742185479921,0.0002121742185479921,6.040502029878354e-05,6.040502029878354e-05,0.9960989996714764,0.0017525072219563358,0.8581491916859885,1.0,0.001465835345505193,0.0037821628937798673,0.001465835345505193
1.0,0.15032219611988132,0.7662927114889206,0.005082181851313294,0.645347730140994,0.999948215297733,0.24152591823108394,0.5103209318342982,0.10515060183082589,0.01148284612013834,0.6587632736882854,0.2976602049405057,0.0360119875146514,0.9881448073580742,0.01148284612013834,0.6016304810435965,0.37484670879254606,0.8910974452989359,0.8910974452989359,0.0005038462583683849,0.0750888322359641,0.0005038462583683849,0.001970947679743409,0.0002353409009428061,0.0002353409009428061,6.0318844510760335e-05,6.0318844510760335e-05,0.9993105281546186,0.001970947679743409,0.8221473009510044,1.0,0.0016396593090827678,0.00490163893673672,0.0016396593090827678
1.0,0.3253103010405419,0.7053206573180798,0.008438526218488888,0.8071397739316903,0.9999728005649019,0.4244035681501121,0.43626999169746505,0.07971993212509887,0.017392087899036242,0.5380197746881803,0.2597321414825036,0.03221496353583213,0.9934867622493156,0.017392087899036242,0.8812658387447937,0.5095181857803647,0.7543667904872577,0.7543667904872577,0.0005399182497498744,0.10815658921082741,0.0005399182497498744,0.0024335576409371946,0.0002897062799342773,0.0002897062799342773,6.626567349515944e-05,6.626567349515944e-05,1.0,0.0024335576409371946,0.7823438024152483,1.0,0.0020136253439858253,0.006991651379208219,0.0020136253439858253
1.0,0.6094997450128685,0.6560085557098785,0.016184510178801955,0.9511965561080499,0.9999954969824116,0.6718625842823389,0.3474032016462022,0.06133316593808235,0.029070964446287782,0.37317735962387183,0.21373653123140832,0.028943919523891862,0.9988450675358029,0.029070964446287782,1.0,0.6954348504896656,0.5384203094846307,0.5384203094846307,0.0006562526856849688,0.17078770882810687,0.0006562526856849688,0.003613829908480903,0.0004359040116133892,0.0004359040116133892,8.793835555680726e-05,8.793835555680726e-05,0.9923073152603783,0.003613829908480903,0.7452655316286197,1.0,0.002974189900733569,0.012048551726636473,0.002974189900733569
